{
  "threshold": 0.6745474188334671,
  "total_records": 196992,
  "anomaly_count": 3950,
  "anomaly_rate": 0.020051575698505523,
  "duplicate_anomalies": 120481,
  "rare_query_anomalies": 9846,
  "atypical_combo_anomalies": 223,
  "metrics_source": "pseudo_top_percent",
  "precision": 0.49848101265822786,
  "recall": 1.0,
  "f1": 0.6653150870079405
}